
<entities xmlns:xsd="http://www.w3.org/2001/XMLSchema" xmlns:xsi="http://www.w3.org/2001/XMLSchema-instance" timestamp="2024-03-20T05:21:56.6500555Z">
  <entity name="invln_notificationsetting" displayname="Notification Setting">
    <records>
      <record id="1ab09971-d199-ee11-be37-0022480041cf">
        <field name="invln_name" value="AHP - Reminder to finalise application in &amp;quot;referred back to applicant&amp;quot; status" />
        <field name="invln_notificationsettingid" value="1ab09971-d199-ee11-be37-0022480041cf" />
        <field name="statecode" value="0" />
        <field name="statuscode" value="1" />
        <field name="invln_subject" value="Update your Affordable Homes Programme application now" />
        <field name="invln_templateid" value="026c5333-a593-415f-8bb8-df1a02b7729b" />
        <field name="invln_templatetypename" value="AHP_EXTERNAL_REMINDER_TO_FINALIZE_APPLICATION_REFERRED_BACK" />
      </record>
      <record id="a7a26595-0669-ee11-9ae6-002248004268">
        <field name="invln_name" value="Internal - Application Owner Change" />
        <field name="invln_notificationsettingid" value="a7a26595-0669-ee11-9ae6-002248004268" />
        <field name="statecode" value="0" />
        <field name="statuscode" value="1" />
        <field name="invln_templateid" value="69d00158-29d3-4fdb-b1ff-344974160a4b" />
        <field name="invln_templatetypename" value="INTERNAL_LOAN_APP_OWNER_CHANGE" />
      </record>
      <record id="22fe37ae-0669-ee11-9ae6-002248004268">
        <field name="invln_name" value="External - KYC status has changed" />
        <field name="invln_notificationsettingid" value="22fe37ae-0669-ee11-9ae6-002248004268" />
        <field name="statecode" value="0" />
        <field name="statuscode" value="1" />
        <field name="invln_templateid" value="887efac5-4cbd-465a-b2b8-2650367379df" />
        <field name="invln_templatetypename" value="EXTERNAL_KYC_STATUS_CHANGE" />
      </record>
      <record id="65c47c42-d8c5-ee11-9079-002248004a06">
        <field name="invln_name" value="AHP - Delivery Phase - Notification of additional payments for phase" />
        <field name="invln_notificationsettingid" value="65c47c42-d8c5-ee11-9079-002248004a06" />
        <field name="statecode" value="0" />
        <field name="statuscode" value="1" />
        <field name="invln_subject" value="has requested Acquisition and Start on Site milestone payments" />
        <field name="invln_templateid" value="0be4b08f-6989-4d1c-875a-027dc6388cc9" />
        <field name="invln_templatetypename" value="AHP_DELIVERY_PHASE_NOTIFICATION_OF_ADDITIONAL_PAYMENTS_FOR_PHASE" />
      </record>
      <record id="a361b6c3-0669-ee11-9ae6-002248004a06">
        <field name="invln_name" value="External - Application Action Required" />
        <field name="invln_notificationsettingid" value="a361b6c3-0669-ee11-9ae6-002248004a06" />
        <field name="statecode" value="0" />
        <field name="statuscode" value="1" />
        <field name="invln_subject" value="You need to update your Levelling Up Home Building Fund application" />
        <field name="invln_templateid" value="10b93db2-4468-4d76-93c0-2761e7bc2ca4" />
        <field name="invln_templatetypename" value="EXTERNAL_APPLICATION_ACTION_REQUIRED" />
      </record>
      <record id="2a0ea4d5-0669-ee11-9ae6-002248004a06">
        <field name="invln_name" value="External - Application status - Confirmation" />
        <field name="invln_notificationsettingid" value="2a0ea4d5-0669-ee11-9ae6-002248004a06" />
        <field name="statecode" value="0" />
        <field name="statuscode" value="1" />
        <field name="invln_templateid" value="01be75c5-3ea3-447e-9781-0e502579303b" />
        <field name="invln_templatetypename" value="EXTERNAL_APPLICATION_STATUS_CONFIRMATION" />
      </record>
      <record id="017da9e7-0669-ee11-9ae6-002248004a06">
        <field name="invln_name" value="External - Application status - Information" />
        <field name="invln_notificationsettingid" value="017da9e7-0669-ee11-9ae6-002248004a06" />
        <field name="statecode" value="0" />
        <field name="statuscode" value="1" />
        <field name="invln_subject" value="Your Levelling Up Home Building Fund application status has changed" />
        <field name="invln_templateid" value="e9d4a40e-0cd2-440e-b7f8-a01c24750d54" />
        <field name="invln_templatetypename" value="EXTERNAL_APPLICATION_STATUS_INFORMATION" />
      </record>
      <record id="246b2311-9899-ee11-be37-002248004a06">
        <field name="invln_name" value="[COMMON] - Change User Permissions" />
        <field name="invln_notificationsettingid" value="246b2311-9899-ee11-be37-002248004a06" />
        <field name="statecode" value="0" />
        <field name="statuscode" value="1" />
        <field name="invln_subject" value="Homes England account permissions changed" />
        <field name="invln_templateid" value="01f07697-d9cd-4299-9e15-b685dda1787e" />
        <field name="invln_templatetypename" value="COMMON_CHANGE_EXTERNAL_USER_PERMISSIONS" />
      </record>
      <record id="9dc78b56-c599-ee11-be37-002248004a06">
        <field name="invln_name" value="[COMMON] - Invite contact to join existing organisation" />
        <field name="invln_notificationsettingid" value="9dc78b56-c599-ee11-be37-002248004a06" />
        <field name="statecode" value="0" />
        <field name="statuscode" value="1" />
        <field name="invln_subject" value="You’ve been invited to create a Homes England account" />
        <field name="invln_templateid" value="ae71a463-ab0c-4bac-8845-e3aa84c1095f" />
        <field name="invln_templatetypename" value="COMMON_INVITE_CONTACT_TO_JOIN_ORGANIZATION" />
      </record>
      <record id="e56d5d54-859a-ee11-be37-002248004a06">
        <field name="invln_name" value="AHP - Reminder to finalise draft application" />
        <field name="invln_notificationsettingid" value="e56d5d54-859a-ee11-be37-002248004a06" />
        <field name="statecode" value="0" />
        <field name="statuscode" value="1" />
        <field name="invln_subject" value="Remember to submit your Affordable Homes application" />
        <field name="invln_templateid" value="f8b10b2e-bf41-431a-9367-2e4744536b89" />
        <field name="invln_templatetypename" value="AHP_EXTERNAL_REMINDER_TO_FINALIZE_DRAFT_APPLICATION" />
      </record>
      <record id="06c8b475-c9d1-ee11-9079-002248004f63">
        <field name="invln_name" value="External - Application Cashflow Requested" />
        <field name="invln_notificationsettingid" value="06c8b475-c9d1-ee11-9079-002248004f63" />
        <field name="statecode" value="0" />
        <field name="statuscode" value="1" />
        <field name="invln_subject" value="You need to update your Levelling Up Home Building Fund application" />
        <field name="invln_templateid" value="4b81bc47-e354-4d33-b704-c9026c69f3a8" />
        <field name="invln_templatetypename" value="EXTERNAL_APPLICATION_CASHFLOW_REQUESTED" />
      </record>
      <record id="cf26411d-ab99-ee11-be37-002248004f63">
        <field name="invln_name" value="[COMMON] - Grant Organisation Admin Permissions" />
        <field name="invln_notificationsettingid" value="cf26411d-ab99-ee11-be37-002248004f63" />
        <field name="statecode" value="0" />
        <field name="statuscode" value="1" />
        <field name="invln_subject" value="You’ve been granted organisation admin user role" />
        <field name="invln_templateid" value="9be25010-ef71-4000-b870-5c47bd66e185" />
        <field name="invln_templatetypename" value="COMMON_GRANT_ORGANISATION_ADMIN_PERMISSIONS" />
      </record>
      <record id="0be6e629-899a-ee11-be37-002248004f63">
        <field name="invln_name" value="[COMMON] - Request to assign contact to existing organisation" />
        <field name="invln_notificationsettingid" value="0be6e629-899a-ee11-be37-002248004f63" />
        <field name="statecode" value="0" />
        <field name="statuscode" value="1" />
        <field name="invln_subject" value="Confirm user is associated with your Homes England organisation" />
        <field name="invln_templateid" value="1b1ab127-cd5d-4d05-87b6-825f2235dbe9" />
        <field name="invln_templatetypename" value="COMMON_REQUEST_TO_ASSIGN_CONTACT_TO_EXISTING_ORGANISATION" />
      </record>
      <record id="527f5f8a-8859-ee11-be6f-002248c653e1">
        <field name="invln_name" value="Internal Loan App Status Change" />
        <field name="invln_notificationsettingid" value="527f5f8a-8859-ee11-be6f-002248c653e1" />
        <field name="statecode" value="0" />
        <field name="statuscode" value="1" />
        <field name="invln_templateid" value="1d421464-cc21-424c-b7d1-45feb68177e8" />
        <field name="invln_templatetypename" value="INTERNAL_LOAN_APP_STATUS_CHANGE" />
      </record>
    </records>
    <m2mrelationships />
  </entity>
  <entity name="team" displayname="Team">
    <records>
      <record id="ac39b16a-36c7-ed11-b596-002248003b82">
        <field name="administratorid" value="c1b0c397-78bf-ee11-9079-6045bdc1e25e" lookupentity="systemuser" lookupentityname="Pawel Bargielski" />
        <field name="businessunitid" value="bf1a8101-6223-ee11-9966-6045bd0f9018" lookupentity="businessunit" lookupentityname="investmentstest" />
        <field name="queueid" value="024a2961-65e0-ee11-904d-6045bdcfccdb" lookupentity="queue" lookupentityname="&lt;Administrator - Business Team&gt;" />
        <field name="description" value="Harrietes Team" />
        <field name="systemmanaged" value="False" />
        <field name="membershiptype" value="0" />
        <field name="teamid" value="ac39b16a-36c7-ed11-b596-002248003b82" />
        <field name="name" value="Administrator - Business Team" />
        <field name="teamtype" value="0" />
      </record>
      <record id="7023e37d-36c7-ed11-b596-002248003b82">
        <field name="administratorid" value="c1b0c397-78bf-ee11-9079-6045bdc1e25e" lookupentity="systemuser" lookupentityname="Pawel Bargielski" />
        <field name="businessunitid" value="bf1a8101-6223-ee11-9966-6045bd0f9018" lookupentity="businessunit" lookupentityname="investmentstest" />
        <field name="queueid" value="7ea6da67-65e0-ee11-904d-6045bdd2c30d" lookupentity="queue" lookupentityname="&lt;General Team&gt;" />
        <field name="description" value="This refer to &amp;quot;Business Team User&amp;quot;" />
        <field name="systemmanaged" value="False" />
        <field name="membershiptype" value="0" />
        <field name="teamid" value="7023e37d-36c7-ed11-b596-002248003b82" />
        <field name="name" value="General Team" />
        <field name="teamtype" value="0" />
      </record>
      <record id="e8b69dd0-1e22-ee11-9966-002248c653e1">
        <field name="administratorid" value="9f8ccd9d-7831-ee11-bdf3-6045bdd2c79d" lookupentity="systemuser" lookupentityname="jakub burzynski" />
        <field name="businessunitid" value="bf1a8101-6223-ee11-9966-6045bd0f9018" lookupentity="businessunit" lookupentityname="investmentstest" />
        <field name="queueid" value="16b79dd0-1e22-ee11-9966-002248c653e1" lookupentity="queue" lookupentityname="&lt;TM Team&gt;" />
        <field name="systemmanaged" value="False" />
        <field name="membershiptype" value="0" />
        <field name="teamid" value="e8b69dd0-1e22-ee11-9966-002248c653e1" />
        <field name="name" value="TM Team" />
        <field name="teamtype" value="0" />
      </record>
      <record id="5a3d327f-84c2-ed11-b597-002248c85416">
        <field name="administratorid" value="c1b0c397-78bf-ee11-9079-6045bdc1e25e" lookupentity="systemuser" lookupentityname="Pawel Bargielski" />
        <field name="businessunitid" value="bf1a8101-6223-ee11-9966-6045bd0f9018" lookupentity="businessunit" lookupentityname="investmentstest" />
        <field name="queueid" value="bd8c3564-65e0-ee11-904d-6045bdd2c79d" lookupentity="queue" lookupentityname="&lt;Admin Digital Security Team&gt;" />
        <field name="description" value="This field security team should include the following users&#xA;- Business Team Users&#xA;- Core Service Users&#xA;- Administrator - Digital" />
        <field name="systemmanaged" value="False" />
        <field name="membershiptype" value="0" />
        <field name="teamid" value="5a3d327f-84c2-ed11-b597-002248c85416" />
        <field name="name" value="Admin Digital Security Team" />
        <field name="teamtype" value="0" />
      </record>
      <record id="b63d23df-dc47-ee11-be6f-6045bd0d7d6d">
        <field name="administratorid" value="9f8ccd9d-7831-ee11-bdf3-6045bdd2c79d" lookupentity="systemuser" lookupentityname="jakub burzynski" />
        <field name="businessunitid" value="bf1a8101-6223-ee11-9966-6045bd0f9018" lookupentity="businessunit" lookupentityname="investmentstest" />
        <field name="queueid" value="cddf6d43-d54b-ee11-be6f-6045bdcfccdb" lookupentity="queue" lookupentityname="&lt;DES team&gt;" />
        <field name="systemmanaged" value="False" />
        <field name="membershiptype" value="0" />
        <field name="teamid" value="b63d23df-dc47-ee11-be6f-6045bd0d7d6d" />
        <field name="name" value="DES team" />
        <field name="teamtype" value="0" />
      </record>
      <record id="d7c3f05e-942f-ee11-bdf3-6045bd0e42cd">
        <field name="administratorid" value="c1b0c397-78bf-ee11-9079-6045bdc1e25e" lookupentity="systemuser" lookupentityname="Pawel Bargielski" />
        <field name="businessunitid" value="bf1a8101-6223-ee11-9966-6045bd0f9018" lookupentity="businessunit" lookupentityname="investmentstest" />
        <field name="queueid" value="5f29db61-65e0-ee11-904d-6045bdd2c30d" lookupentity="queue" lookupentityname="&lt;Homes England Integrations&gt;" />
        <field name="systemmanaged" value="False" />
        <field name="membershiptype" value="0" />
        <field name="teamid" value="d7c3f05e-942f-ee11-bdf3-6045bd0e42cd" />
        <field name="name" value="Homes England Integrations" />
        <field name="teamtype" value="0" />
      </record>
      <record id="5b005806-c732-ee11-bdf3-6045bd0e42cd">
        <field name="administratorid" value="c1b0c397-78bf-ee11-9079-6045bdc1e25e" lookupentity="systemuser" lookupentityname="Pawel Bargielski" />
        <field name="businessunitid" value="bf1a8101-6223-ee11-9966-6045bd0f9018" lookupentity="businessunit" lookupentityname="investmentstest" />
        <field name="queueid" value="fb2d3c6a-65e0-ee11-904d-6045bdd2c79d" lookupentity="queue" lookupentityname="&lt;Core Service Team&gt;" />
        <field name="systemmanaged" value="False" />
        <field name="membershiptype" value="0" />
        <field name="teamid" value="5b005806-c732-ee11-bdf3-6045bd0e42cd" />
        <field name="name" value="Core Service Team" />
        <field name="teamtype" value="0" />
      </record>
      <record id="310e93d8-6edc-ee11-904d-6045bdc1ef09">
        <field name="administratorid" value="914f729f-7831-ee11-bdf3-6045bdd2c896" lookupentity="systemuser" lookupentityname="Wawrzyniec W" />
        <field name="businessunitid" value="bf1a8101-6223-ee11-9966-6045bd0f9018" lookupentity="businessunit" lookupentityname="investmentstest" />
        <field name="transactioncurrencyid" value="af6c4016-ac23-ee11-9966-6045bd0f9018" lookupentity="transactioncurrency" lookupentityname="British Pound" />
        <field name="queueid" value="380e93d8-6edc-ee11-904d-6045bdc1ef09" lookupentity="queue" lookupentityname="&lt;Homes England&gt;" />
        <field name="exchangerate" value="1.000000000000" />
        <field name="systemmanaged" value="False" />
        <field name="membershiptype" value="0" />
        <field name="teamid" value="310e93d8-6edc-ee11-904d-6045bdc1ef09" />
        <field name="name" value="Homes England" />
        <field name="teamtype" value="0" />
      </record>
      <record id="54e46b28-9ad0-ee11-9079-6045bdcfccdb">
        <field name="administratorid" value="914f729f-7831-ee11-bdf3-6045bdd2c896" lookupentity="systemuser" lookupentityname="Wawrzyniec W" />
        <field name="businessunitid" value="bf1a8101-6223-ee11-9966-6045bd0f9018" lookupentity="businessunit" lookupentityname="investmentstest" />
        <field name="queueid" value="55e46b28-9ad0-ee11-9079-6045bdcfccdb" lookupentity="queue" lookupentityname="&lt;Bristol Hub&gt;" />
        <field name="systemmanaged" value="False" />
        <field name="membershiptype" value="0" />
        <field name="teamid" value="54e46b28-9ad0-ee11-9079-6045bdcfccdb" />
        <field name="name" value="Bristol Hub" />
        <field name="teamtype" value="0" />
      </record>
      <record id="514f38cd-9ad0-ee11-9079-6045bdcfccdb">
        <field name="administratorid" value="914f729f-7831-ee11-bdf3-6045bdd2c896" lookupentity="systemuser" lookupentityname="Wawrzyniec W" />
        <field name="businessunitid" value="bf1a8101-6223-ee11-9966-6045bd0f9018" lookupentity="businessunit" lookupentityname="investmentstest" />
        <field name="queueid" value="524f38cd-9ad0-ee11-9079-6045bdcfccdb" lookupentity="queue" lookupentityname="&lt;Northstowe Hub&gt;" />
        <field name="systemmanaged" value="False" />
        <field name="membershiptype" value="0" />
        <field name="teamid" value="514f38cd-9ad0-ee11-9079-6045bdcfccdb" />
        <field name="name" value="Northstowe Hub" />
        <field name="teamtype" value="0" />
      </record>
      <record id="8f51dd6e-9ad0-ee11-9079-6045bdd2c79d">
        <field name="administratorid" value="914f729f-7831-ee11-bdf3-6045bdd2c896" lookupentity="systemuser" lookupentityname="Wawrzyniec W" />
        <field name="businessunitid" value="bf1a8101-6223-ee11-9966-6045bd0f9018" lookupentity="businessunit" lookupentityname="investmentstest" />
        <field name="queueid" value="9451dd6e-9ad0-ee11-9079-6045bdd2c79d" lookupentity="queue" lookupentityname="&lt;Coventry Hub&gt;" />
        <field name="systemmanaged" value="False" />
        <field name="membershiptype" value="0" />
        <field name="teamid" value="8f51dd6e-9ad0-ee11-9079-6045bdd2c79d" />
        <field name="name" value="Coventry Hub" />
        <field name="teamtype" value="0" />
      </record>
      <record id="3bdf2f98-9ad0-ee11-9079-6045bdd2c79d">
        <field name="administratorid" value="914f729f-7831-ee11-bdf3-6045bdd2c896" lookupentity="systemuser" lookupentityname="Wawrzyniec W" />
        <field name="businessunitid" value="bf1a8101-6223-ee11-9966-6045bd0f9018" lookupentity="businessunit" lookupentityname="investmentstest" />
        <field name="queueid" value="3cdf2f98-9ad0-ee11-9079-6045bdd2c79d" lookupentity="queue" lookupentityname="&lt;North Hub&gt;" />
        <field name="systemmanaged" value="False" />
        <field name="membershiptype" value="0" />
        <field name="teamid" value="3bdf2f98-9ad0-ee11-9079-6045bdd2c79d" />
        <field name="name" value="North Hub" />
        <field name="teamtype" value="0" />
      </record>
    </records>
    <m2mrelationships />
  </entity>
  <entity name="invln_standardcondition" displayname="Standard Condition">
    <records>
      <record id="4825c055-2b73-ee11-8178-002248004a06">
        <field name="invln_satisfiedby" value="858110000" />
        <field name="invln_standardconditionid" value="4825c055-2b73-ee11-8178-002248004a06" />
        <field name="statuscode" value="1" />
      </record>
      <record id="c05b283b-3877-ee11-8179-002248004f63">
        <field name="invln_satisfiedby" value="858110000" />
        <field name="invln_standardconditionid" value="c05b283b-3877-ee11-8179-002248004f63" />
        <field name="statuscode" value="1" />
      </record>
      <record id="3adce248-3877-ee11-8179-002248004f63">
        <field name="invln_satisfiedby" value="858110002" />
        <field name="invln_standardconditionid" value="3adce248-3877-ee11-8179-002248004f63" />
        <field name="statuscode" value="1" />
      </record>
      <record id="e2227150-3877-ee11-8179-002248004f63">
        <field name="invln_satisfiedby" value="858110002" />
        <field name="invln_standardconditionid" value="e2227150-3877-ee11-8179-002248004f63" />
        <field name="statuscode" value="1" />
      </record>
      <record id="89fd8057-3877-ee11-8179-002248004f63">
        <field name="invln_satisfiedby" value="858110002" />
        <field name="invln_standardconditionid" value="89fd8057-3877-ee11-8179-002248004f63" />
        <field name="statuscode" value="1" />
      </record>
      <record id="48210e65-3877-ee11-8179-002248004f63">
        <field name="invln_satisfiedby" value="858110002" />
        <field name="invln_standardconditionid" value="48210e65-3877-ee11-8179-002248004f63" />
        <field name="statuscode" value="1" />
      </record>
      <record id="6bcfa76c-3877-ee11-8179-002248004f63">
        <field name="invln_satisfiedby" value="858110000" />
        <field name="invln_standardconditionid" value="6bcfa76c-3877-ee11-8179-002248004f63" />
        <field name="statuscode" value="1" />
      </record>
      <record id="e7abc374-3877-ee11-8179-002248004f63">
        <field name="invln_satisfiedby" value="858110000" />
        <field name="invln_standardconditionid" value="e7abc374-3877-ee11-8179-002248004f63" />
        <field name="statuscode" value="1" />
      </record>
      <record id="443f2e7c-3877-ee11-8179-002248004f63">
        <field name="invln_satisfiedby" value="858110000" />
        <field name="invln_standardconditionid" value="443f2e7c-3877-ee11-8179-002248004f63" />
        <field name="statuscode" value="1" />
      </record>
      <record id="ea583a82-3877-ee11-8179-002248004f63">
        <field name="invln_satisfiedby" value="858110004" />
        <field name="invln_standardconditionid" value="ea583a82-3877-ee11-8179-002248004f63" />
        <field name="statuscode" value="1" />
      </record>
      <record id="6afe3d8e-3877-ee11-8179-002248004f63">
        <field name="invln_satisfiedby" value="858110000" />
        <field name="invln_standardconditionid" value="6afe3d8e-3877-ee11-8179-002248004f63" />
        <field name="statuscode" value="1" />
      </record>
      <record id="78a69594-3877-ee11-8179-002248004f63">
        <field name="invln_satisfiedby" value="858110000" />
        <field name="invln_standardconditionid" value="78a69594-3877-ee11-8179-002248004f63" />
        <field name="statuscode" value="1" />
      </record>
      <record id="d1b4929a-3877-ee11-8179-002248004f63">
        <field name="invln_satisfiedby" value="858110002" />
        <field name="invln_standardconditionid" value="d1b4929a-3877-ee11-8179-002248004f63" />
        <field name="statuscode" value="1" />
      </record>
      <record id="24e512a1-3877-ee11-8179-002248004f63">
        <field name="invln_satisfiedby" value="858110002" />
        <field name="invln_standardconditionid" value="24e512a1-3877-ee11-8179-002248004f63" />
        <field name="statuscode" value="1" />
      </record>
      <record id="946233ad-3877-ee11-8179-002248004f63">
        <field name="invln_satisfiedby" value="858110000" />
        <field name="invln_standardconditionid" value="946233ad-3877-ee11-8179-002248004f63" />
        <field name="statuscode" value="1" />
      </record>
      <record id="3ee1c1b3-3877-ee11-8179-002248004f63">
        <field name="invln_satisfiedby" value="858110002" />
        <field name="invln_standardconditionid" value="3ee1c1b3-3877-ee11-8179-002248004f63" />
        <field name="statuscode" value="1" />
      </record>
    </records>
    <m2mrelationships />
  </entity>
  <entity name="invln_webrole" displayname="Web role">
    <records>
      <record id="45144986-8e99-ee11-be37-002248004a06">
        <field name="invln_isdefaultrole" value="False" />
        <field name="invln_name" value="Admin" />
        <field name="organizationid" value="30f172cc-542c-ee11-8476-0022481aa3a3" lookupentity="organization" lookupentityname="investmentstest" />
        <field name="invln_portalid" value="fca32ff4-fb98-ee11-be37-0022480041cf" lookupentity="invln_portal" lookupentityname="Common" />
        <field name="invln_portalpermissionlevelid" value="56198e2c-d314-ee11-9cbe-002248c653e1" lookupentity="invln_portalpermissionlevel" lookupentityname="Admin" />
        <field name="statecode" value="0" />
        <field name="statuscode" value="1" />
        <field name="invln_webroleid" value="45144986-8e99-ee11-be37-002248004a06" />
      </record>
      <record id="afa03992-8e99-ee11-be37-002248004a06">
        <field name="invln_isdefaultrole" value="False" />
        <field name="invln_name" value="Enhanced" />
        <field name="organizationid" value="30f172cc-542c-ee11-8476-0022481aa3a3" lookupentity="organization" lookupentityname="investmentstest" />
        <field name="invln_portalid" value="fca32ff4-fb98-ee11-be37-0022480041cf" lookupentity="invln_portal" lookupentityname="Common" />
        <field name="invln_portalpermissionlevelid" value="9069eaaa-e994-ee11-be37-0022480041cf" lookupentity="invln_portalpermissionlevel" lookupentityname="Enhanced" />
        <field name="statecode" value="0" />
        <field name="statuscode" value="1" />
        <field name="invln_webroleid" value="afa03992-8e99-ee11-be37-002248004a06" />
      </record>
      <record id="e97222a4-8e99-ee11-be37-002248004a06">
        <field name="invln_isdefaultrole" value="False" />
        <field name="invln_name" value="Input only" />
        <field name="organizationid" value="30f172cc-542c-ee11-8476-0022481aa3a3" lookupentity="organization" lookupentityname="investmentstest" />
        <field name="invln_portalid" value="fca32ff4-fb98-ee11-be37-0022480041cf" lookupentity="invln_portal" lookupentityname="Common" />
        <field name="invln_portalpermissionlevelid" value="2531afa4-e994-ee11-be37-0022480041cf" lookupentity="invln_portalpermissionlevel" lookupentityname="Input only" />
        <field name="statecode" value="0" />
        <field name="statuscode" value="1" />
        <field name="invln_webroleid" value="e97222a4-8e99-ee11-be37-002248004a06" />
      </record>
      <record id="316115b0-8e99-ee11-be37-002248004a06">
        <field name="invln_isdefaultrole" value="True" />
        <field name="invln_name" value="Limited user" />
        <field name="organizationid" value="30f172cc-542c-ee11-8476-0022481aa3a3" lookupentity="organization" lookupentityname="investmentstest" />
        <field name="invln_portalid" value="fca32ff4-fb98-ee11-be37-0022480041cf" lookupentity="invln_portal" lookupentityname="Common" />
        <field name="invln_portalpermissionlevelid" value="2c1a7e3e-d314-ee11-9cbe-002248c653e1" lookupentity="invln_portalpermissionlevel" lookupentityname="Limited user" />
        <field name="statecode" value="0" />
        <field name="statuscode" value="1" />
        <field name="invln_webroleid" value="316115b0-8e99-ee11-be37-002248004a06" />
      </record>
      <record id="7fa80db6-8e99-ee11-be37-002248004a06">
        <field name="invln_isdefaultrole" value="False" />
        <field name="invln_name" value="View only" />
        <field name="organizationid" value="30f172cc-542c-ee11-8476-0022481aa3a3" lookupentity="organization" lookupentityname="investmentstest" />
        <field name="invln_portalid" value="fca32ff4-fb98-ee11-be37-0022480041cf" lookupentity="invln_portal" lookupentityname="Common" />
        <field name="invln_portalpermissionlevelid" value="93150f5b-e894-ee11-be37-0022480041cf" lookupentity="invln_portalpermissionlevel" lookupentityname="View only" />
        <field name="statecode" value="0" />
        <field name="statuscode" value="1" />
        <field name="invln_webroleid" value="7fa80db6-8e99-ee11-be37-002248004a06" />
      </record>
      <record id="624bad25-9f99-ee11-be37-002248004f63">
        <field name="invln_isdefaultrole" value="False" />
        <field name="invln_name" value="Enhanced [loans]" />
        <field name="organizationid" value="30f172cc-542c-ee11-8476-0022481aa3a3" lookupentity="organization" lookupentityname="investmentstest" />
        <field name="invln_portalid" value="c5a66e4a-d314-ee11-9cbe-002248c653e1" lookupentity="invln_portal" lookupentityname="Loans" />
        <field name="invln_portalpermissionlevelid" value="9069eaaa-e994-ee11-be37-0022480041cf" lookupentity="invln_portalpermissionlevel" lookupentityname="Enhanced" />
        <field name="statecode" value="0" />
        <field name="statuscode" value="1" />
        <field name="invln_webroleid" value="624bad25-9f99-ee11-be37-002248004f63" />
      </record>
      <record id="da95e15b-9f99-ee11-be37-002248004f63">
        <field name="invln_isdefaultrole" value="False" />
        <field name="invln_name" value="Input only [loans]" />
        <field name="organizationid" value="30f172cc-542c-ee11-8476-0022481aa3a3" lookupentity="organization" lookupentityname="investmentstest" />
        <field name="invln_portalid" value="c5a66e4a-d314-ee11-9cbe-002248c653e1" lookupentity="invln_portal" lookupentityname="Loans" />
        <field name="invln_portalpermissionlevelid" value="2531afa4-e994-ee11-be37-0022480041cf" lookupentity="invln_portalpermissionlevel" lookupentityname="Input only" />
        <field name="statecode" value="0" />
        <field name="statuscode" value="1" />
        <field name="invln_webroleid" value="da95e15b-9f99-ee11-be37-002248004f63" />
      </record>
      <record id="efa3fd61-9f99-ee11-be37-002248004f63">
        <field name="invln_isdefaultrole" value="False" />
        <field name="invln_name" value="View only [loans]" />
        <field name="organizationid" value="30f172cc-542c-ee11-8476-0022481aa3a3" lookupentity="organization" lookupentityname="investmentstest" />
        <field name="invln_portalid" value="c5a66e4a-d314-ee11-9cbe-002248c653e1" lookupentity="invln_portal" lookupentityname="Loans" />
        <field name="invln_portalpermissionlevelid" value="93150f5b-e894-ee11-be37-0022480041cf" lookupentity="invln_portalpermissionlevel" lookupentityname="View only" />
        <field name="statecode" value="0" />
        <field name="statuscode" value="1" />
        <field name="invln_webroleid" value="efa3fd61-9f99-ee11-be37-002248004f63" />
      </record>
      <record id="a9a8eb06-e11b-ee11-8f6d-002248c65ea6">
        <field name="invln_isdefaultrole" value="False" />
        <field name="invln_name" value="Limited user [loans]" />
        <field name="organizationid" value="30f172cc-542c-ee11-8476-0022481aa3a3" lookupentity="organization" lookupentityname="investmentstest" />
        <field name="invln_portalid" value="c5a66e4a-d314-ee11-9cbe-002248c653e1" lookupentity="invln_portal" lookupentityname="Loans" />
        <field name="invln_portalpermissionlevelid" value="2c1a7e3e-d314-ee11-9cbe-002248c653e1" lookupentity="invln_portalpermissionlevel" lookupentityname="Limited user" />
        <field name="statecode" value="0" />
        <field name="statuscode" value="1" />
        <field name="invln_webroleid" value="a9a8eb06-e11b-ee11-8f6d-002248c65ea6" />
      </record>
      <record id="ec570830-1d4e-ee11-be6f-6045bd0d7d6d">
        <field name="invln_isdefaultrole" value="False" />
        <field name="invln_name" value="Admin [loans]" />
        <field name="organizationid" value="30f172cc-542c-ee11-8476-0022481aa3a3" lookupentity="organization" lookupentityname="investmentstest" />
        <field name="invln_portalid" value="c5a66e4a-d314-ee11-9cbe-002248c653e1" lookupentity="invln_portal" lookupentityname="Loans" />
        <field name="invln_portalpermissionlevelid" value="56198e2c-d314-ee11-9cbe-002248c653e1" lookupentity="invln_portalpermissionlevel" lookupentityname="Admin" />
        <field name="statecode" value="0" />
        <field name="statuscode" value="1" />
        <field name="invln_webroleid" value="ec570830-1d4e-ee11-be6f-6045bd0d7d6d" />
      </record>
    </records>
    <m2mrelationships />
  </entity>
  <entity name="invln_portal" displayname="Portal">
    <records>
      <record id="fca32ff4-fb98-ee11-be37-0022480041cf">
        <field name="invln_externalid" value="Common" />
        <field name="invln_name" value="Common" />
        <field name="ownerid" value="9f8ccd9d-7831-ee11-bdf3-6045bdd2c79d" lookupentity="systemuser" lookupentityname="jakub burzynski" />
        <field name="owningbusinessunit" value="bf1a8101-6223-ee11-9966-6045bd0f9018" lookupentity="businessunit" lookupentityname="investmentstest" />
        <field name="owninguser" value="9f8ccd9d-7831-ee11-bdf3-6045bdd2c79d" lookupentity="systemuser" />
        <field name="invln_portal" value="858110002" />
        <field name="invln_portalid" value="fca32ff4-fb98-ee11-be37-0022480041cf" />
        <field name="statecode" value="0" />
        <field name="statuscode" value="1" />
      </record>
      <record id="0b617644-d314-ee11-9cbe-002248c653e1">
        <field name="invln_externalid" value="AHP" />
        <field name="invln_name" value="AHP" />
        <field name="ownerid" value="9f8ccd9d-7831-ee11-bdf3-6045bdd2c79d" lookupentity="systemuser" lookupentityname="jakub burzynski" />
        <field name="owningbusinessunit" value="bf1a8101-6223-ee11-9966-6045bd0f9018" lookupentity="businessunit" lookupentityname="investmentstest" />
        <field name="owninguser" value="9f8ccd9d-7831-ee11-bdf3-6045bdd2c79d" lookupentity="systemuser" />
        <field name="invln_portal" value="858110000" />
        <field name="invln_portalid" value="0b617644-d314-ee11-9cbe-002248c653e1" />
        <field name="statecode" value="0" />
        <field name="statuscode" value="1" />
      </record>
      <record id="c5a66e4a-d314-ee11-9cbe-002248c653e1">
        <field name="invln_externalid" value="Loans" />
        <field name="invln_name" value="Loans" />
        <field name="ownerid" value="9f8ccd9d-7831-ee11-bdf3-6045bdd2c79d" lookupentity="systemuser" lookupentityname="jakub burzynski" />
        <field name="owningbusinessunit" value="bf1a8101-6223-ee11-9966-6045bd0f9018" lookupentity="businessunit" lookupentityname="investmentstest" />
        <field name="owninguser" value="9f8ccd9d-7831-ee11-bdf3-6045bdd2c79d" lookupentity="systemuser" />
        <field name="invln_portal" value="858110001" />
        <field name="invln_portalid" value="c5a66e4a-d314-ee11-9cbe-002248c653e1" />
        <field name="statecode" value="0" />
        <field name="statuscode" value="1" />
      </record>
    </records>
    <m2mrelationships />
  </entity>
  <entity name="invln_portalpermissionlevel" displayname="Portal permission level">
    <records>
      <record id="93150f5b-e894-ee11-be37-0022480041cf">
        <field name="invln_name" value="View only" />
        <field name="ownerid" value="9f8ccd9d-7831-ee11-bdf3-6045bdd2c79d" lookupentity="systemuser" lookupentityname="jakub burzynski" />
        <field name="owningbusinessunit" value="bf1a8101-6223-ee11-9966-6045bd0f9018" lookupentity="businessunit" lookupentityname="investmentstest" />
        <field name="owninguser" value="9f8ccd9d-7831-ee11-bdf3-6045bdd2c79d" lookupentity="systemuser" />
        <field name="invln_permission" value="858110002" />
        <field name="invln_portalpermissionlevelid" value="93150f5b-e894-ee11-be37-0022480041cf" />
        <field name="statecode" value="0" />
        <field name="statuscode" value="1" />
      </record>
      <record id="2531afa4-e994-ee11-be37-0022480041cf">
        <field name="invln_name" value="Input only" />
        <field name="ownerid" value="9f8ccd9d-7831-ee11-bdf3-6045bdd2c79d" lookupentity="systemuser" lookupentityname="jakub burzynski" />
        <field name="owningbusinessunit" value="bf1a8101-6223-ee11-9966-6045bd0f9018" lookupentity="businessunit" lookupentityname="investmentstest" />
        <field name="owninguser" value="9f8ccd9d-7831-ee11-bdf3-6045bdd2c79d" lookupentity="systemuser" />
        <field name="invln_permission" value="858110003" />
        <field name="invln_portalpermissionlevelid" value="2531afa4-e994-ee11-be37-0022480041cf" />
        <field name="statecode" value="0" />
        <field name="statuscode" value="1" />
      </record>
      <record id="9069eaaa-e994-ee11-be37-0022480041cf">
        <field name="invln_name" value="Enhanced" />
        <field name="ownerid" value="9f8ccd9d-7831-ee11-bdf3-6045bdd2c79d" lookupentity="systemuser" lookupentityname="jakub burzynski" />
        <field name="owningbusinessunit" value="bf1a8101-6223-ee11-9966-6045bd0f9018" lookupentity="businessunit" lookupentityname="investmentstest" />
        <field name="owninguser" value="9f8ccd9d-7831-ee11-bdf3-6045bdd2c79d" lookupentity="systemuser" />
        <field name="invln_permission" value="858110004" />
        <field name="invln_portalpermissionlevelid" value="9069eaaa-e994-ee11-be37-0022480041cf" />
        <field name="statecode" value="0" />
        <field name="statuscode" value="1" />
      </record>
      <record id="56198e2c-d314-ee11-9cbe-002248c653e1">
        <field name="invln_name" value="Admin" />
        <field name="ownerid" value="9f8ccd9d-7831-ee11-bdf3-6045bdd2c79d" lookupentity="systemuser" lookupentityname="jakub burzynski" />
        <field name="owningbusinessunit" value="bf1a8101-6223-ee11-9966-6045bd0f9018" lookupentity="businessunit" lookupentityname="investmentstest" />
        <field name="owninguser" value="9f8ccd9d-7831-ee11-bdf3-6045bdd2c79d" lookupentity="systemuser" />
        <field name="invln_permission" value="858110000" />
        <field name="invln_portalpermissionlevelid" value="56198e2c-d314-ee11-9cbe-002248c653e1" />
        <field name="statecode" value="0" />
        <field name="statuscode" value="1" />
      </record>
      <record id="2c1a7e3e-d314-ee11-9cbe-002248c653e1">
        <field name="invln_name" value="Limited user" />
        <field name="ownerid" value="9f8ccd9d-7831-ee11-bdf3-6045bdd2c79d" lookupentity="systemuser" lookupentityname="jakub burzynski" />
        <field name="owningbusinessunit" value="bf1a8101-6223-ee11-9966-6045bd0f9018" lookupentity="businessunit" lookupentityname="investmentstest" />
        <field name="owninguser" value="9f8ccd9d-7831-ee11-bdf3-6045bdd2c79d" lookupentity="systemuser" />
        <field name="invln_permission" value="858110001" />
        <field name="invln_portalpermissionlevelid" value="2c1a7e3e-d314-ee11-9cbe-002248c653e1" />
        <field name="statecode" value="0" />
        <field name="statuscode" value="1" />
      </record>
    </records>
    <m2mrelationships />
  </entity>
</entities>