<entities >
  <entity name="invln_notificationsetting" displayname="Notification Setting" etc="11070" primaryidfield="invln_notificationsettingid" primarynamefield="invln_name" disableplugins="false">
    <fields>
      <field displayname="Name" name="invln_name" type="string" customfield="true" />
      <field displayname="Notification Setting" name="invln_notificationsettingid" type="guid" primaryKey="true" />
      <field displayname="Status" name="statecode" type="state" />
      <field displayname="Status Reason" name="statuscode" type="status" />
      <field displayname="Subject" name="invln_subject" type="string" customfield="true" />
      <field displayname="Template Id" name="invln_templateid" type="string" customfield="true" />
      <field displayname="Template Type Name" name="invln_templatetypename" type="string" customfield="true" />
      <field displayname="Time Zone Rule Version Number" name="timezoneruleversionnumber" type="number" />
      <field displayname="UTC Conversion Time Zone Code" name="utcconversiontimezonecode" type="number" />
      <field displayname="Version Number" name="versionnumber" type="bigint" />
    </fields>
  </entity>
</entities>