
<entities xmlns:xsd="http://www.w3.org/2001/XMLSchema" xmlns:xsi="http://www.w3.org/2001/XMLSchema-instance" timestamp="2024-07-04T12:47:03.9070080Z">
  <entity name="invln_notificationsetting" displayname="Notification Setting">
    <records>
      <record id="140478d6-2102-ef11-9f89-002248003ab0">
        <field name="invln_name" value="AHP - Internal Application Approved Subject To Contract" />
        <field name="invln_templateid" value="539a3972-de59-4e62-8ea2-826aed742e68" />
      </record>
      <record id="04c8ef14-f0fb-ee11-9f8a-0022480041cf">
        <field name="invln_name" value="AHP - Internal Request To Withdraw" />
        <field name="invln_templateid" value="00fe6e4b-bf29-4aca-ba9b-1c2f77c1edda" />
      </record>
      <record id="1ab09971-d199-ee11-be37-0022480041cf">
        <field name="invln_name" value="AHP - Reminder to finalise application in &amp;quot;referred back to applicant&amp;quot; status" />
        <field name="invln_templateid" value="7d01cea9-e334-44fa-a5d0-41048bef24ee" />
      </record>
      <record id="a7a26595-0669-ee11-9ae6-002248004268">
        <field name="invln_name" value="Internal - Application Owner Change" />
        <field name="invln_templateid" value="594019b0-9057-4e25-9664-430dfa6395a9" />
      </record>
      <record id="22fe37ae-0669-ee11-9ae6-002248004268">
        <field name="invln_name" value="External - KYC status has changed" />
        <field name="invln_templateid" value="bd89cbf6-1a2b-4fe4-9d2c-94cbbf1ef871" />
      </record>
      <record id="65c47c42-d8c5-ee11-9079-002248004a06">
        <field name="invln_name" value="AHP - Delivery Phase - Notification of additional payments for phase" />
        <field name="invln_templateid" value="7bfd82ce-0e1a-49dd-94b5-79f00872369d" />
      </record>
      <record id="a361b6c3-0669-ee11-9ae6-002248004a06">
        <field name="invln_name" value="External - Application Action Required" />
        <field name="invln_templateid" value="296497d3-f3ab-487c-ae63-4e4813dd4204" />
      </record>
      <record id="2a0ea4d5-0669-ee11-9ae6-002248004a06">
        <field name="invln_name" value="External - Application status - Confirmation" />
        <field name="invln_templateid" value="668a073e-645b-4e9e-b9fb-38b396a2882e" />
      </record>
      <record id="017da9e7-0669-ee11-9ae6-002248004a06">
        <field name="invln_name" value="External - Application status - Information" />
        <field name="invln_templateid" value="1b0cceae-c0d2-4489-ad5d-f9953005326d" />
      </record>
      <record id="7bbf0765-0201-ef11-9f8a-002248004a06">
        <field name="invln_name" value="AHP - External Application Submitted" />
        <field name="invln_templateid" value="99d08779-f1ca-4536-8060-b79fc97701f4" />
      </record>
      <record id="8edd81bc-7b01-ef11-9f8a-002248004a06">
        <field name="invln_name" value="AHP - External Application Referred Back To Applicant" />
        <field name="invln_templateid" value="dd150fd9-1269-409f-ab8f-f484a737e3e8" />
      </record>
      <record id="246b2311-9899-ee11-be37-002248004a06">
        <field name="invln_name" value="[COMMON] - Change User Permissions" />
        <field name="invln_templateid" value="6114f7a4-9463-4a77-9237-1fcdccc68efb" />
      </record>
      <record id="9dc78b56-c599-ee11-be37-002248004a06">
        <field name="invln_name" value="[COMMON] - Invite contact to join existing organisation" />
        <field name="invln_templateid" value="ecfb1f0a-3463-41c8-acb7-87cce566b682" />
      </record>
      <record id="e56d5d54-859a-ee11-be37-002248004a06">
        <field name="invln_name" value="AHP - Reminder to finalise draft application" />
        <field name="invln_templateid" value="d934f1c6-fd42-42f1-bc0a-73a4d91bf37c" />
      </record>
      <record id="06c8b475-c9d1-ee11-9079-002248004f63">
        <field name="invln_name" value="External - Application Cashflow Requested" />
        <field name="invln_templateid" value="141d3b19-9079-4f1a-91e1-92186fe63cd4" />
      </record>
      <record id="cf26411d-ab99-ee11-be37-002248004f63">
        <field name="invln_name" value="[COMMON] - Grant Organisation Admin Permissions" />
        <field name="invln_templateid" value="7215ea4f-4334-4b9a-b6b5-99ef8c6b0b8e" />
      </record>
      <record id="0be6e629-899a-ee11-be37-002248004f63">
        <field name="invln_name" value="[COMMON] - Request to assign contact to existing organisation" />
        <field name="invln_templateid" value="26be79af-29a1-424d-8587-8796c3e9fd63" />
      </record>
      <record id="d1e2d90f-1f0b-ef11-9f89-00224800fd50">
        <field name="invln_name" value="Ahp - Internal Application On Hold" />
        <field name="invln_templateid" value="e8d2e74c-4ca6-4a81-a4d2-deb4276a5d63" />
      </record>
      <record id="e3870873-1f0b-ef11-9f89-0022481adce0">
        <field name="invln_name" value="Ahp - External Application On Hold" />
        <field name="invln_templateid" value="cf20f6de-9fcb-440d-a328-e4f26c0b0edf" />
      </record>
      <record id="527f5f8a-8859-ee11-be6f-002248c653e1">
        <field name="invln_name" value="Internal Loan App Status Change" />
        <field name="invln_templateid" value="2850633d-f402-40e5-8968-e1611c87dc8f" />
      </record>
      <record id="ba262e80-ba24-ef11-840a-002248c830f0">
        <field name="invln_name" value="AHP - External Reject on delivery phase" />
        <field name="invln_templateid" value="0a58649c-ac7c-426e-a790-cc37db82e619" />
      </record>
      <record id="56363bb6-1621-ef11-840a-002248c83519">
        <field name="invln_name" value="AHP - External Application Approved outcome" />
        <field name="invln_templateid" value="15bc47b5-d0e9-415d-89d5-d95685d06d1c" />
      </record>
      <record id="8a108aed-440d-ef11-9f89-6045bd0bbfbc">
        <field name="invln_name" value="Ahp - External Application Rejected" />
        <field name="invln_templateid" value="e7a3d7be-71cd-40ce-b2be-ef0997bdab96" />
      </record>
      <record id="b9808bc5-cf11-ef11-9f89-6045bd0cf488">
        <field name="invln_name" value="AHP External Delivery Phase notification after accept adjustment" />
        <field name="invln_templateid" value="5cdacd53-0237-4d2b-a80e-d70bd3b32ab8" />
      </record>
    </records>
    <m2mrelationships />
  </entity>
</entities>